epoch,time,train/box_loss,train/cls_loss,train/dfl_loss,metrics/precision(B),metrics/recall(B),metrics/mAP50(B),metrics/mAP50-95(B),val/box_loss,val/cls_loss,val/dfl_loss,lr/pg0,lr/pg1,lr/pg2
1,38.4603,1.57581,2.39293,1.50488,0.18543,0.05797,0.04107,0.01716,1.92942,19.3532,2.18511,0.000655367,0.000655367,0.000655367
2,77.7122,1.76902,2.08281,1.64413,0.09733,0.15114,0.02894,0.00974,2.09579,50.9859,3.0149,0.00130895,0.00130895,0.00130895
3,114.609,1.8286,2.08358,1.64867,0.02466,0.13251,0.00782,0.00336,nan,nan,nan,0.00194932,0.00194932,0.00194932
4,154.058,1.80652,2.03764,1.66404,0.12058,0.19048,0.09052,0.04247,2.0808,24.8229,2.01935,0.0019406,0.0019406,0.0019406
5,191.608,1.78255,1.94421,1.62314,0.17373,0.2236,0.11677,0.06242,1.80814,9.7413,1.67606,0.0019208,0.0019208,0.0019208
6,229.997,1.74454,1.92412,1.62518,0.48531,0.28571,0.26258,0.1363,1.76274,3.19614,1.57363,0.001901,0.001901,0.001901
7,266.802,1.6884,1.83559,1.53798,0.38066,0.29814,0.2481,0.12609,1.82116,2.52636,1.58221,0.0018812,0.0018812,0.0018812
8,304.298,1.66398,1.81791,1.5398,0.32456,0.28364,0.18593,0.08641,1.84171,3.15672,1.61223,0.0018614,0.0018614,0.0018614
9,342.684,1.65085,1.80887,1.51321,0.44411,0.30642,0.29204,0.1458,1.8678,2.33331,1.59478,0.0018416,0.0018416,0.0018416
10,381.345,1.60619,1.77554,1.50408,0.41821,0.31701,0.2741,0.14476,1.71318,2.38351,1.49431,0.0018218,0.0018218,0.0018218
11,420.524,1.60234,1.75586,1.5034,0.46723,0.28364,0.29357,0.14778,1.77674,3.96315,1.48539,0.001802,0.001802,0.001802
12,457.921,1.57368,1.67064,1.47815,0.55935,0.3354,0.35112,0.1932,1.65464,1.68413,1.4854,0.0017822,0.0017822,0.0017822
13,497.129,1.57583,1.68832,1.48937,0.4947,0.32712,0.32258,0.16273,1.80018,2.37801,1.5054,0.0017624,0.0017624,0.0017624
14,534.682,1.58261,1.68313,1.47369,0.56276,0.33333,0.34496,0.19759,1.59677,1.95747,1.42368,0.0017426,0.0017426,0.0017426
15,573.317,1.56479,1.64948,1.4725,0.60518,0.33747,0.36578,0.20101,1.66074,1.67591,1.49026,0.0017228,0.0017228,0.0017228
16,610.069,1.53359,1.60578,1.44881,0.54769,0.33333,0.34874,0.19452,1.6485,1.69702,1.40166,0.001703,0.001703,0.001703
17,648.969,1.52773,1.59868,1.441,0.57601,0.35611,0.36868,0.21349,1.57793,1.78176,1.40304,0.0016832,0.0016832,0.0016832
18,686.997,1.49474,1.52822,1.42647,0.60082,0.36439,0.39173,0.23042,1.54878,1.71406,1.3689,0.0016634,0.0016634,0.0016634
19,725.432,1.53061,1.57786,1.43226,0.56827,0.36439,0.38653,0.22455,1.62751,1.61691,1.41199,0.0016436,0.0016436,0.0016436
20,762.354,1.49382,1.557,1.40363,0.52619,0.34161,0.36395,0.2044,1.63689,1.67246,1.402,0.0016238,0.0016238,0.0016238
21,800.418,1.50632,1.50405,1.42905,0.57531,0.3354,0.349,0.19712,1.59463,1.64399,1.38135,0.001604,0.001604,0.001604
22,837.738,1.49923,1.55284,1.41727,0.52948,0.36232,0.38049,0.21962,1.60702,1.7273,1.39771,0.0015842,0.0015842,0.0015842
23,876.29,1.47099,1.49909,1.39831,0.5708,0.36853,0.37507,0.21664,1.61515,1.82328,1.41894,0.0015644,0.0015644,0.0015644
24,913.598,1.47675,1.49801,1.39205,0.5109,0.38095,0.37586,0.21877,1.61013,1.63305,1.38224,0.0015446,0.0015446,0.0015446
25,951.663,1.47142,1.48404,1.39516,0.52867,0.36853,0.37162,0.2098,1.62289,1.67766,1.4019,0.0015248,0.0015248,0.0015248
26,989.287,1.45821,1.46427,1.39424,0.56364,0.37681,0.37785,0.21966,1.51044,1.59918,1.35602,0.001505,0.001505,0.001505
27,1026.05,1.43495,1.45383,1.37176,0.61437,0.3499,0.39073,0.23587,1.50411,1.61522,1.3551,0.0014852,0.0014852,0.0014852
28,1065.15,1.43342,1.43264,1.35979,0.53932,0.34369,0.34565,0.2005,1.59152,1.70596,1.39465,0.0014654,0.0014654,0.0014654
29,1101.93,1.42196,1.48641,1.36241,0.51157,0.36646,0.35923,0.22344,1.48034,1.58956,1.33266,0.0014456,0.0014456,0.0014456
30,1139.91,1.39622,1.41248,1.34908,0.60096,0.35545,0.39515,0.25486,1.35299,1.47306,1.27429,0.0014258,0.0014258,0.0014258
31,1177.3,1.38505,1.4065,1.3421,0.62618,0.3499,0.38754,0.2395,1.48707,1.56189,1.34231,0.001406,0.001406,0.001406
32,1216.44,1.36989,1.39436,1.32826,0.55955,0.36025,0.38526,0.24795,1.34082,1.55729,1.29449,0.0013862,0.0013862,0.0013862
33,1253.58,1.36278,1.36287,1.34328,0.55671,0.35818,0.38081,0.25438,1.30338,1.55575,1.28312,0.0013664,0.0013664,0.0013664
34,1293.96,1.36605,1.34931,1.33455,0.56522,0.3849,0.40097,0.25125,1.4178,1.50177,1.31596,0.0013466,0.0013466,0.0013466
35,1330.86,1.36976,1.38364,1.33618,0.57198,0.39752,0.40755,0.26951,1.35206,1.47066,1.29932,0.0013268,0.0013268,0.0013268
36,1369.58,1.3823,1.37065,1.34422,0.62004,0.38854,0.42692,0.28055,1.27278,1.39149,1.24516,0.001307,0.001307,0.001307
37,1405.75,1.32345,1.34814,1.298,0.60552,0.39337,0.41876,0.25969,1.44234,1.49174,1.31956,0.0012872,0.0012872,0.0012872
38,1443.36,1.34726,1.35897,1.32043,0.55164,0.40373,0.42311,0.26316,1.40312,1.5282,1.29031,0.0012674,0.0012674,0.0012674
39,1479.72,1.35631,1.36973,1.327,0.55625,0.38923,0.4079,0.27225,1.30814,1.44445,1.26832,0.0012476,0.0012476,0.0012476
40,1517.32,1.33007,1.33182,1.31081,0.56197,0.40373,0.41493,0.27345,1.26573,1.50495,1.20676,0.0012278,0.0012278,0.0012278
41,1554.72,1.30515,1.3024,1.2824,0.61729,0.38509,0.42695,0.28103,1.32734,1.486,1.25117,0.001208,0.001208,0.001208
42,1592.43,1.28614,1.3082,1.28343,0.6796,0.37681,0.4169,0.27371,1.3416,1.51285,1.25613,0.0011882,0.0011882,0.0011882
43,1629.75,1.30041,1.29873,1.30007,0.56037,0.40787,0.41623,0.26853,1.30824,1.50422,1.26919,0.0011684,0.0011684,0.0011684
44,1666.93,1.32464,1.33622,1.30981,0.58093,0.40373,0.42994,0.27843,1.26287,1.40154,1.21217,0.0011486,0.0011486,0.0011486
45,1704.81,1.28178,1.28256,1.28239,0.60094,0.40787,0.43539,0.28404,1.29102,1.43732,1.25477,0.0011288,0.0011288,0.0011288
46,1742.52,1.30014,1.27864,1.31309,0.58346,0.41822,0.42174,0.27335,1.33932,1.45912,1.29002,0.001109,0.001109,0.001109
47,1780.34,1.28725,1.27884,1.28927,0.61295,0.41201,0.44001,0.2922,1.24957,1.42173,1.22509,0.0010892,0.0010892,0.0010892
48,1817.26,1.28092,1.27293,1.27347,0.59808,0.38923,0.42359,0.28261,1.27647,1.43601,1.23553,0.0010694,0.0010694,0.0010694
49,1855.24,1.29481,1.24657,1.28039,0.57631,0.40271,0.44203,0.2946,1.21241,1.38582,1.22212,0.0010496,0.0010496,0.0010496
50,1891.57,1.26185,1.23006,1.27271,0.67155,0.39545,0.45088,0.2947,1.27086,1.39378,1.20483,0.0010298,0.0010298,0.0010298
51,1929.14,1.26788,1.21431,1.26487,0.59237,0.39545,0.42541,0.29277,1.18341,1.48257,1.19982,0.00101,0.00101,0.00101
52,1965.12,1.30573,1.2416,1.29605,0.53545,0.42857,0.42949,0.29854,1.20859,1.36158,1.20812,0.0009902,0.0009902,0.0009902
53,2002.38,1.24433,1.21814,1.27891,0.65654,0.40373,0.44777,0.31336,1.18393,1.34494,1.20927,0.0009704,0.0009704,0.0009704
54,2038.79,1.26193,1.2335,1.2794,0.56564,0.43892,0.43923,0.29461,1.22932,1.41548,1.22528,0.0009506,0.0009506,0.0009506
55,2076.98,1.23752,1.21135,1.25485,0.60314,0.41822,0.45479,0.30965,1.17138,1.36725,1.19636,0.0009308,0.0009308,0.0009308
56,2114.72,1.27875,1.24764,1.29964,0.65081,0.3913,0.45351,0.29818,1.25621,1.36676,1.21435,0.000911,0.000911,0.000911
57,2153.74,1.23687,1.18855,1.25228,0.68168,0.40994,0.46017,0.31833,1.15309,1.31805,1.20316,0.0008912,0.0008912,0.0008912
58,2190.82,1.24994,1.16964,1.2523,0.6626,0.4058,0.46286,0.31601,1.1838,1.31659,1.18141,0.0008714,0.0008714,0.0008714
59,2228.62,1.25017,1.20392,1.27013,0.61016,0.43685,0.46147,0.31563,1.18455,1.32096,1.20005,0.0008516,0.0008516,0.0008516
60,2265.05,1.24764,1.18217,1.26219,0.61671,0.39545,0.43615,0.29741,1.18538,1.36713,1.20388,0.0008318,0.0008318,0.0008318
61,2303.06,1.23664,1.18551,1.25057,0.72183,0.37474,0.4489,0.3109,1.15542,1.32957,1.18755,0.000812,0.000812,0.000812
62,2339.25,1.21423,1.12181,1.22702,0.67048,0.38923,0.44561,0.30656,1.18946,1.48819,1.21441,0.0007922,0.0007922,0.0007922
63,2378.14,1.23113,1.16967,1.24812,0.58043,0.43892,0.46179,0.31743,1.1439,1.30713,1.19088,0.0007724,0.0007724,0.0007724
64,2414.32,1.22769,1.15306,1.24101,0.62447,0.41615,0.46015,0.32316,1.145,1.33741,1.16746,0.0007526,0.0007526,0.0007526
65,2452.78,1.1946,1.12463,1.23242,0.6444,0.43478,0.47021,0.32704,1.17348,1.27438,1.17639,0.0007328,0.0007328,0.0007328
66,2490.06,1.20206,1.09918,1.23403,0.69009,0.3913,0.45458,0.31949,1.15996,1.32447,1.17691,0.000713,0.000713,0.000713
67,2527.18,1.19427,1.11029,1.22965,0.66995,0.40766,0.46193,0.31768,1.17919,1.34008,1.19788,0.0006932,0.0006932,0.0006932
68,2563.82,1.21733,1.15348,1.25851,0.65726,0.41822,0.48147,0.32521,1.13923,1.31457,1.14962,0.0006734,0.0006734,0.0006734
69,2600.36,1.1879,1.11123,1.22886,0.72807,0.38095,0.45281,0.32028,1.13023,1.35226,1.17507,0.0006536,0.0006536,0.0006536
70,2636.22,1.17968,1.10831,1.23209,0.63557,0.42443,0.46391,0.32428,1.10195,1.24854,1.14854,0.0006338,0.0006338,0.0006338
71,2673.17,1.19249,1.09629,1.2181,0.68203,0.38192,0.45226,0.3164,1.12006,1.34251,1.14808,0.000614,0.000614,0.000614
72,2709.66,1.16522,1.08642,1.20997,0.6583,0.4228,0.47351,0.32628,1.13222,1.32838,1.16928,0.0005942,0.0005942,0.0005942
73,2747.26,1.2142,1.13486,1.22768,0.61019,0.43271,0.45869,0.31462,1.14792,1.33948,1.17914,0.0005744,0.0005744,0.0005744
74,2783.86,1.19031,1.07699,1.22439,0.58031,0.4466,0.48184,0.33775,1.1408,1.27877,1.17909,0.0005546,0.0005546,0.0005546
75,2821.97,1.15137,1.06333,1.20392,0.63073,0.44513,0.48671,0.33814,1.12764,1.25595,1.17725,0.0005348,0.0005348,0.0005348
76,2859.63,1.17872,1.06046,1.20978,0.66549,0.40787,0.47628,0.32915,1.14362,1.28511,1.20021,0.000515,0.000515,0.000515
77,2896.6,1.1539,1.06854,1.21686,0.66814,0.40787,0.4702,0.32381,1.11457,1.30355,1.16778,0.0004952,0.0004952,0.0004952
78,2934.9,1.16567,1.05738,1.19466,0.638,0.41201,0.47383,0.33018,1.12391,1.29839,1.15993,0.0004754,0.0004754,0.0004754
79,2971.42,1.16632,1.06126,1.21506,0.68145,0.41634,0.47136,0.32733,1.15535,1.29728,1.18695,0.0004556,0.0004556,0.0004556
80,3009.29,1.14746,1.0506,1.20761,0.67978,0.42029,0.48061,0.33252,1.14382,1.27522,1.17923,0.0004358,0.0004358,0.0004358
81,3046.42,1.14952,1.04338,1.19514,0.74489,0.3913,0.48089,0.32953,1.15319,1.2682,1.17869,0.000416,0.000416,0.000416
82,3084.34,1.13377,1.01394,1.1958,0.57733,0.45549,0.48137,0.3391,1.12966,1.30089,1.18438,0.0003962,0.0003962,0.0003962
83,3120.96,1.14623,1.0178,1.19307,0.5772,0.45963,0.48525,0.33813,1.1232,1.25997,1.16118,0.0003764,0.0003764,0.0003764
84,3158.22,1.13252,1.01969,1.18037,0.60876,0.41408,0.46611,0.32202,1.12446,1.31924,1.17929,0.0003566,0.0003566,0.0003566
85,3194.97,1.12583,1.01743,1.19041,0.70786,0.41408,0.48342,0.34402,1.1001,1.2291,1.14979,0.0003368,0.0003368,0.0003368
86,3233.67,1.13016,0.98682,1.1972,0.64363,0.41132,0.46637,0.32932,1.06083,1.28984,1.12845,0.000317,0.000317,0.000317
87,3269.59,1.12933,1.00231,1.18551,0.62345,0.41408,0.46875,0.33525,1.07084,1.32577,1.14609,0.0002972,0.0002972,0.0002972
88,3307.23,1.10607,0.98104,1.17969,0.62296,0.44513,0.49251,0.34554,1.09263,1.23048,1.15646,0.0002774,0.0002774,0.0002774
89,3343.79,1.08966,0.96513,1.17274,0.60646,0.43271,0.48247,0.34449,1.07716,1.24828,1.14222,0.0002576,0.0002576,0.0002576
90,3381.87,1.11015,0.9596,1.17101,0.62595,0.43478,0.47709,0.34061,1.0998,1.27297,1.14711,0.0002378,0.0002378,0.0002378
91,3424.4,1.06235,0.97433,1.12876,0.73247,0.37888,0.47131,0.3433,1.09935,1.2837,1.15462,0.000218,0.000218,0.000218
92,3463.51,1.06483,0.93512,1.14108,0.58984,0.44928,0.48001,0.34765,1.06699,1.22378,1.13098,0.0001982,0.0001982,0.0001982
93,3500.07,1.06424,0.91401,1.1333,0.606,0.43064,0.48335,0.3425,1.1095,1.25915,1.14282,0.0001784,0.0001784,0.0001784
94,3538.28,1.05402,0.89186,1.12886,0.69066,0.40679,0.48825,0.34882,1.11058,1.20497,1.16322,0.0001586,0.0001586,0.0001586
95,3575.24,1.03924,0.88717,1.12069,0.71992,0.40445,0.48203,0.34538,1.10544,1.24887,1.15425,0.0001388,0.0001388,0.0001388
96,3613.99,1.02632,0.8741,1.11651,0.65769,0.42857,0.4859,0.34824,1.0798,1.22169,1.13441,0.000119,0.000119,0.000119
97,3650.75,1.02583,0.87158,1.12529,0.75663,0.39545,0.4985,0.35437,1.07105,1.21433,1.13774,9.92e-05,9.92e-05,9.92e-05
98,3688.9,1.03538,0.87127,1.11611,0.58466,0.46377,0.48998,0.35031,1.07777,1.22262,1.14506,7.94e-05,7.94e-05,7.94e-05
99,3725.48,1.01899,0.8592,1.11225,0.62583,0.44928,0.49394,0.35541,1.05662,1.20216,1.1318,5.96e-05,5.96e-05,5.96e-05
100,3763.06,1.00643,0.83661,1.09681,0.68729,0.42029,0.49312,0.35416,1.05108,1.18496,1.12489,3.98e-05,3.98e-05,3.98e-05
