model_name,model_path,trained_model_path,size_mb,parameters,training_time_hours,default_map50,default_map50_95,default_precision,default_recall,best_confidence,optimized_map50,optimized_map50_95,optimized_precision,optimized_recall,map50_improvement,map50_95_improvement,precision_improvement,recall_improvement,avg_inference_time,fps,total_inference_time_yolo,fps_yolo,confidence_results,completed_at,part
yolov5n,yolov5nu.pt,yolo_litter_detection_part1/yolov5n/weights/best.pt,5.305060386657715,2654816,0.7875919171836641,0.5073794779140355,0.3310222791919989,0.7023295282339992,0.4393305439330544,0.6,0.605132050070753,0.4653655347949545,0.8541666666666666,0.34309623430962344,0.09775257215671751,0.13434325560295562,0.15183713843266744,-0.09623430962343094,0.06263225078582764,15.966215287704125,0.008270815218550928,120.90706581825958,"[{'confidence': 0.001, 'mAP50': 0.5272602223287828, 'mAP50_95': 0.35105540109495803}, {'confidence': 0.1, 'mAP50': 0.5763597055766487, 'mAP50_95': 0.4079911388061723}, {'confidence': 0.2, 'mAP50': 0.603755591894628, 'mAP50_95': 0.4368726153813842}, {'confidence': 0.3, 'mAP50': 0.6146870778012822, 'mAP50_95': 0.4518805346419164}, {'confidence': 0.4, 'mAP50': 0.6239171381753694, 'mAP50_95': 0.46556723881922163}, {'confidence': 0.5, 'mAP50': 0.6264443808972618, 'mAP50_95': 0.4727258284792394}, {'confidence': 0.6, 'mAP50': 0.6334518975720815, 'mAP50_95': 0.48504781082935267}, {'confidence': 0.7, 'mAP50': 0.6296277208986587, 'mAP50_95': 0.49118437674977306}, {'confidence': 0.8, 'mAP50': 0.6060810504459309, 'mAP50_95': 0.49232380901964296}, {'confidence': 0.9, 'mAP50': 0.520690909090909, 'mAP50_95': 0.473933106660145}, {'confidence': 0.95, 'mAP50': 0.0, 'mAP50_95': 0.0}]",2025-07-05T06:55:20.012026,1
yolov5s,yolov5su.pt,yolo_litter_detection_part1/yolov5s/weights/best.pt,17.720465660095215,9153152,0.9080048633946313,0.5487096421261264,0.3615951482982004,0.7297043084322363,0.46129707112970714,0.6,0.6339991335807948,0.48480474725406586,0.8587699316628702,0.39435146443514646,0.08528949145466846,0.12320959895586547,0.12906562323063386,-0.06694560669456068,0.06445679664611817,15.514267727113674,0.008759806410577484,114.15777394264079,"[{'confidence': 0.001, 'mAP50': 0.5536054527302007, 'mAP50_95': 0.37747070626175117}, {'confidence': 0.1, 'mAP50': 0.5965361212860762, 'mAP50_95': 0.42742145830983214}, {'confidence': 0.2, 'mAP50': 0.6191946232882187, 'mAP50_95': 0.45060469911537976}, {'confidence': 0.3, 'mAP50': 0.6369466146143665, 'mAP50_95': 0.4691582603329375}, {'confidence': 0.4, 'mAP50': 0.6484560906648927, 'mAP50_95': 0.4856739280566017}, {'confidence': 0.5, 'mAP50': 0.6596999873107148, 'mAP50_95': 0.5009041741042248}, {'confidence': 0.6, 'mAP50': 0.661448846322347, 'mAP50_95': 0.5084416854004796}, {'confidence': 0.7, 'mAP50': 0.6490151618455665, 'mAP50_95': 0.5095213183505236}, {'confidence': 0.8, 'mAP50': 0.6066223538430731, 'mAP50_95': 0.5048158009369204}, {'confidence': 0.9, 'mAP50': 0.5108857461024497, 'mAP50_95': 0.46492464601913347}, {'confidence': 0.95, 'mAP50': 0.501080786026201, 'mAP50_95': 0.45097270742358087}]",2025-07-05T07:54:32.313202,1
yolov5n6u,yolov5n6u.pt,yolo_litter_detection_part1/yolov5n6u/weights/best.pt,8.652765274047852,4334896,1.6365503739648395,0.5943459800680321,0.3665551039876772,0.6451658974244091,0.5481171548117155,0.5,0.6476545512309215,0.4509394049771454,0.7928571428571428,0.46443514644351463,0.05330857116288945,0.0843843009894682,0.1476912454327337,-0.08368200836820089,0.07240629434585572,13.81095399280348,0.017363422788066782,57.5923314317533,"[{'confidence': 0.001, 'mAP50': 0.5717635262245003, 'mAP50_95': 0.3635411452076941}, {'confidence': 0.1, 'mAP50': 0.6075667307672661, 'mAP50_95': 0.4039496139718932}, {'confidence': 0.2, 'mAP50': 0.6291966413002685, 'mAP50_95': 0.42755291534392503}, {'confidence': 0.3, 'mAP50': 0.6359406422350183, 'mAP50_95': 0.43762602917433424}, {'confidence': 0.4, 'mAP50': 0.6357049092852642, 'mAP50_95': 0.44342521277952474}, {'confidence': 0.5, 'mAP50': 0.6414913391159727, 'mAP50_95': 0.4554875917274989}, {'confidence': 0.6, 'mAP50': 0.6353767110215455, 'mAP50_95': 0.45405668560767676}, {'confidence': 0.7, 'mAP50': 0.6357441388899887, 'mAP50_95': 0.4656181161094713}, {'confidence': 0.8, 'mAP50': 0.5937850258090134, 'mAP50_95': 0.4535689049426487}, {'confidence': 0.9, 'mAP50': 0.5098020000000001, 'mAP50_95': 0.3961658957967385}, {'confidence': 0.95, 'mAP50': 0.0, 'mAP50_95': 0.0}]",2025-07-05T09:37:23.222919,1
yolov5s6u,yolov5s6u.pt,yolo_litter_detection_part1/yolov5s6u/weights/best.pt,29.61516761779785,15309328,2.3269364005327224,0.5947237696021661,0.36594953329846974,0.6917892221264365,0.5355648535564853,0.4,0.641680496879107,0.43371307601682085,0.6898395721925134,0.5397489539748954,0.04695672727694089,0.06776354271835111,-0.0019496499339231033,0.004184100418410108,0.0775542664527893,12.894197131098442,0.022822257490052466,43.81687483965466,"[{'confidence': 0.001, 'mAP50': 0.5969359764567002, 'mAP50_95': 0.3844279198844256}, {'confidence': 0.1, 'mAP50': 0.6174954873999298, 'mAP50_95': 0.4135841270946653}, {'confidence': 0.2, 'mAP50': 0.6334625967531743, 'mAP50_95': 0.4326222721215653}, {'confidence': 0.3, 'mAP50': 0.6447606971561632, 'mAP50_95': 0.44480479876492957}, {'confidence': 0.4, 'mAP50': 0.6561768771510651, 'mAP50_95': 0.4628292742359405}, {'confidence': 0.5, 'mAP50': 0.6506344081530894, 'mAP50_95': 0.46728711733135275}, {'confidence': 0.6, 'mAP50': 0.6489691790771678, 'mAP50_95': 0.4677274115024468}, {'confidence': 0.7, 'mAP50': 0.6304232541901942, 'mAP50_95': 0.4711550864587168}, {'confidence': 0.8, 'mAP50': 0.567316861971523, 'mAP50_95': 0.4300652111762792}, {'confidence': 0.9, 'mAP50': 0.5130597315436243, 'mAP50_95': 0.40129071230269486}, {'confidence': 0.95, 'mAP50': 0.0, 'mAP50_95': 0.0}]",2025-07-05T12:03:26.997704,1
yolov8n,yolov8n.pt,yolo_litter_detection_part1/yolov8n/weights/best.pt,6.246372222900391,3157200,0.8410802033874724,0.5103687362982622,0.33749772493394314,0.6356377404568695,0.46234309623430964,0.5,0.6065148722037549,0.4666997390936669,0.7995642701525054,0.38389121338912136,0.0961461359054927,0.12920201415972377,0.16392652969563593,-0.07845188284518828,0.06308860778808593,15.850722262868615,0.010005045145577927,99.94957398487945,"[{'confidence': 0.001, 'mAP50': 0.5554335418158702, 'mAP50_95': 0.3838575139068074}, {'confidence': 0.1, 'mAP50': 0.6101145601001046, 'mAP50_95': 0.4456225165964264}, {'confidence': 0.2, 'mAP50': 0.6306504494805483, 'mAP50_95': 0.471979797113634}, {'confidence': 0.3, 'mAP50': 0.6346794385528768, 'mAP50_95': 0.48316398850743675}, {'confidence': 0.4, 'mAP50': 0.6434724874594417, 'mAP50_95': 0.49742206798034133}, {'confidence': 0.5, 'mAP50': 0.6446346022693366, 'mAP50_95': 0.5030914610149176}, {'confidence': 0.6, 'mAP50': 0.6379397051864075, 'mAP50_95': 0.506431101969172}, {'confidence': 0.7, 'mAP50': 0.6370601604690431, 'mAP50_95': 0.5152952648735937}, {'confidence': 0.8, 'mAP50': 0.602935732867699, 'mAP50_95': 0.5088593513433156}, {'confidence': 0.9, 'mAP50': 0.5304962877030163, 'mAP50_95': 0.46305246484685936}, {'confidence': 0.95, 'mAP50': 0.501080786026201, 'mAP50_95': 0.4008646288209608}]",2025-07-05T12:57:50.526033,1
yolov8s,yolov8s.pt,yolo_litter_detection_part1/yolov8s/weights/best.pt,21.54233169555664,11166560,0.9217989456653595,0.5499132967489646,0.3809251011910507,0.7226244578811007,0.48535564853556484,0.5,0.6391973755892965,0.5010675979522831,0.7791519434628975,0.46129707112970714,0.08928407884033185,0.12014249676123234,0.056527485581796766,-0.024058577405857706,0.06215583324432373,16.088594550235932,0.009607740516521095,104.0827443539341,"[{'confidence': 0.001, 'mAP50': 0.5629447405886001, 'mAP50_95': 0.39077604998680615}, {'confidence': 0.1, 'mAP50': 0.6037297803284013, 'mAP50_95': 0.4422705530588053}, {'confidence': 0.2, 'mAP50': 0.6199737479599021, 'mAP50_95': 0.46392187232087084}, {'confidence': 0.3, 'mAP50': 0.6287620064687368, 'mAP50_95': 0.4789428213395873}, {'confidence': 0.4, 'mAP50': 0.6400639182470645, 'mAP50_95': 0.49407980121088196}, {'confidence': 0.5, 'mAP50': 0.6546658849990353, 'mAP50_95': 0.5106437196047342}, {'confidence': 0.6, 'mAP50': 0.6533287724517925, 'mAP50_95': 0.518095244747281}, {'confidence': 0.7, 'mAP50': 0.6381694511090622, 'mAP50_95': 0.5186398298190598}, {'confidence': 0.8, 'mAP50': 0.6215102229229518, 'mAP50_95': 0.524654030637419}, {'confidence': 0.9, 'mAP50': 0.5250538990825688, 'mAP50_95': 0.4928805596567454}, {'confidence': 0.95, 'mAP50': 0.0, 'mAP50_95': 0.0}]",2025-07-05T13:58:13.712148,1
yolov9t,yolov9t.pt,yolo_litter_detection_part2/yolov9t/weights/best.pt,4.7395734786987305,2128720,0.8566530740261078,0.46861357315116664,0.3148680533725982,0.6593542519093463,0.42745861733203505,0.5,0.596536687834964,0.4656250024551115,0.8282352941176471,0.3427458617332035,0.1279231146837974,0.1507569490825133,0.1688810422083008,-0.08471275559883157,0.08933858871459961,11.193371357080562,0.008913012629144105,112.19551027339088,"[{'confidence': 0.001, 'mAP50': 0.4781806070243096, 'mAP50_95': 0.3295632441322924}, {'confidence': 0.1, 'mAP50': 0.5339226069024926, 'mAP50_95': 0.3923671144061213}, {'confidence': 0.2, 'mAP50': 0.5613425161236647, 'mAP50_95': 0.42498493919224567}, {'confidence': 0.3, 'mAP50': 0.580968819143224, 'mAP50_95': 0.4515900787220951}, {'confidence': 0.4, 'mAP50': 0.5884758721900493, 'mAP50_95': 0.4644452188901644}, {'confidence': 0.5, 'mAP50': 0.6044297061859515, 'mAP50_95': 0.4814751755714276}, {'confidence': 0.6, 'mAP50': 0.6004102451813278, 'mAP50_95': 0.4808619603988496}, {'confidence': 0.7, 'mAP50': 0.5908547631219774, 'mAP50_95': 0.48157550517116404}, {'confidence': 0.8, 'mAP50': 0.570884736182016, 'mAP50_95': 0.4820199932082284}, {'confidence': 0.9, 'mAP50': 0.5310470198675498, 'mAP50_95': 0.4619251398189748}, {'confidence': 0.95, 'mAP50': 0.0, 'mAP50_95': 0.0}]",2025-07-05T20:53:45.343194,2
yolov9s,yolov9s.pt,yolo_litter_detection_part2/yolov9s/weights/best.pt,14.67634105682373,7318368,1.0522787986861335,0.48586819861304903,0.3115665109672279,0.7000741876528754,0.4295579760109199,0.5,0.6064184158490376,0.4451489585665162,0.7963709677419355,0.38461538461538464,0.12055021723598852,0.13358244759928828,0.09629678008906006,-0.04494259139553525,0.08222603797912598,12.161597768505658,0.011059531649044213,90.41974214942655,"[{'confidence': 0.001, 'mAP50': 0.5065548113292584, 'mAP50_95': 0.3235915431168821}, {'confidence': 0.1, 'mAP50': 0.5523679502839809, 'mAP50_95': 0.3757652618855421}, {'confidence': 0.2, 'mAP50': 0.582508077109964, 'mAP50_95': 0.40445714571960256}, {'confidence': 0.3, 'mAP50': 0.5947826968293235, 'mAP50_95': 0.4192220326625667}, {'confidence': 0.4, 'mAP50': 0.6070708735213296, 'mAP50_95': 0.43696065869641065}, {'confidence': 0.5, 'mAP50': 0.6166080067581972, 'mAP50_95': 0.44721752767122086}, {'confidence': 0.6, 'mAP50': 0.6041575961211314, 'mAP50_95': 0.4514025912061517}, {'confidence': 0.7, 'mAP50': 0.6058514436515787, 'mAP50_95': 0.464431876386677}, {'confidence': 0.8, 'mAP50': 0.579895037838992, 'mAP50_95': 0.45664473913820947}, {'confidence': 0.9, 'mAP50': 0.5093107594936708, 'mAP50_95': 0.4132388429200794}, {'confidence': 0.95, 'mAP50': 0.0, 'mAP50_95': 0.0}]",2025-07-05T22:01:07.407088,2
yolov10n,yolov10n.pt,yolo_litter_detection_part2/yolov10n/weights/best.pt,5.588896751403809,2775520,1.007018723487854,0.4453784314758622,0.3019188867135925,0.6346068879255891,0.4007953850709424,0.6,0.5827726908230794,0.4769828765511785,0.9380165289256198,0.22103213242453748,0.13739425934721716,0.17506398983758598,0.30340964100003076,-0.17976325264640494,0.08151481866836548,12.267708084690657,0.006776058251609767,147.5784243387272,"[{'confidence': 0.001, 'mAP50': 0.4420215582727779, 'mAP50_95': 0.3079170542890314}, {'confidence': 0.1, 'mAP50': 0.5146510135947466, 'mAP50_95': 0.38654329219994404}, {'confidence': 0.2, 'mAP50': 0.5531147011387139, 'mAP50_95': 0.42791378753497156}, {'confidence': 0.3, 'mAP50': 0.5618781970533863, 'mAP50_95': 0.4486985384206673}, {'confidence': 0.4, 'mAP50': 0.5755148925027177, 'mAP50_95': 0.4641884029594888}, {'confidence': 0.5, 'mAP50': 0.5742803388091055, 'mAP50_95': 0.4677713470374304}, {'confidence': 0.6, 'mAP50': 0.5760342215582368, 'mAP50_95': 0.4798688386519382}, {'confidence': 0.7, 'mAP50': 0.564397316949806, 'mAP50_95': 0.47975631316146394}, {'confidence': 0.8, 'mAP50': 0.5529716485680183, 'mAP50_95': 0.4891122504041622}, {'confidence': 0.9, 'mAP50': 0.516552034261242, 'mAP50_95': 0.4745500336836305}, {'confidence': 0.95, 'mAP50': 0.504133611691023, 'mAP50_95': 0.4539605012866267}]",2025-07-05T23:05:12.288408,2
yolov10s,yolov10s.pt,yolo_litter_detection_part2/yolov10s/weights/best.pt,15.853034019470215,8128272,1.0353795061508815,0.47060855948913594,0.3232040210602015,0.669351488006506,0.4060370009737098,0.7,0.5850973663329189,0.4800083147402339,0.8970099667774086,0.2629016553067186,0.11448880684378293,0.1568042936800324,0.22765847877090262,-0.1431353456669912,0.07068093299865723,14.148087151297192,0.008255351582843316,121.13354470308084,"[{'confidence': 0.001, 'mAP50': 0.4867080880311039, 'mAP50_95': 0.3351395864598892}, {'confidence': 0.1, 'mAP50': 0.5531821291942607, 'mAP50_95': 0.4085170763118276}, {'confidence': 0.2, 'mAP50': 0.5839012965401829, 'mAP50_95': 0.44121275522511405}, {'confidence': 0.3, 'mAP50': 0.5876687528924912, 'mAP50_95': 0.45037111188642165}, {'confidence': 0.4, 'mAP50': 0.5976701575330098, 'mAP50_95': 0.4655767725887846}, {'confidence': 0.5, 'mAP50': 0.596148200492119, 'mAP50_95': 0.46938286614277036}, {'confidence': 0.6, 'mAP50': 0.6042103597950182, 'mAP50_95': 0.4836328185777334}, {'confidence': 0.7, 'mAP50': 0.6054574764985318, 'mAP50_95': 0.4918638758550096}, {'confidence': 0.8, 'mAP50': 0.576896108251094, 'mAP50_95': 0.4803008064658372}, {'confidence': 0.9, 'mAP50': 0.5379753639417693, 'mAP50_95': 0.4785951996685799}, {'confidence': 0.95, 'mAP50': 0.5072338235294118, 'mAP50_95': 0.4348960012387648}]",2025-07-06T00:11:37.870380,2
yolo11n,yolo11n.pt,yolo_litter_detection_part2/yolo11n/weights/best.pt,5.353702545166016,2624080,0.840316509074635,0.4590125756776043,0.30811795343107373,0.6856169061516212,0.39922103213242455,0.5,0.595401775316066,0.46965932997908466,0.8545454545454545,0.32035053554040893,0.1363891996384617,0.16154137654801093,0.1689285483938333,-0.07887049659201562,0.06797998905181885,14.710211254046156,0.009442299211875572,105.90640876348219,"[{'confidence': 0.001, 'mAP50': 0.48251122350134823, 'mAP50_95': 0.33060590796482486}, {'confidence': 0.1, 'mAP50': 0.5398914614759222, 'mAP50_95': 0.39369935959443375}, {'confidence': 0.2, 'mAP50': 0.5653023144029781, 'mAP50_95': 0.4228541293409328}, {'confidence': 0.3, 'mAP50': 0.5851985030621814, 'mAP50_95': 0.45144471103341566}, {'confidence': 0.4, 'mAP50': 0.607481331477592, 'mAP50_95': 0.4767428944980933}, {'confidence': 0.5, 'mAP50': 0.6209379654115327, 'mAP50_95': 0.49272694762675256}, {'confidence': 0.6, 'mAP50': 0.6176028222390499, 'mAP50_95': 0.49576198776924885}, {'confidence': 0.7, 'mAP50': 0.5963115672562953, 'mAP50_95': 0.4925344057051334}, {'confidence': 0.8, 'mAP50': 0.5711095881325187, 'mAP50_95': 0.4857901025404968}, {'confidence': 0.9, 'mAP50': 0.5217272727272727, 'mAP50_95': 0.4842465355986511}, {'confidence': 0.95, 'mAP50': 0.5020582120582122, 'mAP50_95': 0.4771537394001089}]",2025-07-06T01:05:40.178387,2
yolo11s,yolo11s.pt,yolo_litter_detection_part2/yolo11s/weights/best.pt,18.419010162353516,9458752,0.9846292577849494,0.48451500469426934,0.29448430250365887,0.7365071436453317,0.4079844206426485,0.6,0.6072065135718882,0.4339703200838086,0.8885869565217391,0.3184031158714703,0.12269150887761882,0.13948601758014972,0.15207981287640748,-0.0895813047711782,0.0735785698890686,13.590913787909429,0.010302948543106304,97.05959374795668,"[{'confidence': 0.001, 'mAP50': 0.5049175050219491, 'mAP50_95': 0.3181428884728433}, {'confidence': 0.1, 'mAP50': 0.5574985002354855, 'mAP50_95': 0.37178369269237976}, {'confidence': 0.2, 'mAP50': 0.5833062297184854, 'mAP50_95': 0.3979311706019235}, {'confidence': 0.3, 'mAP50': 0.6024854972784777, 'mAP50_95': 0.41512670307037436}, {'confidence': 0.4, 'mAP50': 0.611375852511094, 'mAP50_95': 0.428078737614459}, {'confidence': 0.5, 'mAP50': 0.6117848413715339, 'mAP50_95': 0.4353969473420687}, {'confidence': 0.6, 'mAP50': 0.620874213092817, 'mAP50_95': 0.4519165782816742}, {'confidence': 0.7, 'mAP50': 0.6109391943485577, 'mAP50_95': 0.452189731198243}, {'confidence': 0.8, 'mAP50': 0.5872606514382405, 'mAP50_95': 0.45024795889430447}, {'confidence': 0.9, 'mAP50': 0.5124095541401272, 'mAP50_95': 0.3971085758969521}, {'confidence': 0.95, 'mAP50': 0.0, 'mAP50_95': 0.0}]",2025-07-06T02:09:29.860161,2
yolo12n,yolo12n.pt,yolo_litter_detection_part2/yolo12n/weights/best.pt,5.335867881774902,2603056,0.9760171466403538,0.45871829594271435,0.31244841790056405,0.6707744259119701,0.4079844206426485,0.7,0.5845484298737628,0.48397464676061536,0.9146757679180887,0.2609542356377799,0.12583013393104842,0.1715262288600513,0.24390134200611857,-0.14703018500486859,0.08758514165878296,11.417461695681585,0.010315917490009912,96.9375725395647,"[{'confidence': 0.001, 'mAP50': 0.4716988735869164, 'mAP50_95': 0.33839456606055823}, {'confidence': 0.1, 'mAP50': 0.5290127177458434, 'mAP50_95': 0.40399097031598197}, {'confidence': 0.2, 'mAP50': 0.5491577278238409, 'mAP50_95': 0.4307269102342636}, {'confidence': 0.3, 'mAP50': 0.5638543663867481, 'mAP50_95': 0.4516329164861239}, {'confidence': 0.4, 'mAP50': 0.5769386668616026, 'mAP50_95': 0.470190173283327}, {'confidence': 0.5, 'mAP50': 0.5804844969883229, 'mAP50_95': 0.4850799804590927}, {'confidence': 0.6, 'mAP50': 0.5831812003147518, 'mAP50_95': 0.49590518491204183}, {'confidence': 0.7, 'mAP50': 0.5971492413444764, 'mAP50_95': 0.5135147962489393}, {'confidence': 0.8, 'mAP50': 0.5677833288141363, 'mAP50_95': 0.5099921442059702}, {'confidence': 0.9, 'mAP50': 0.5279375, 'mAP50_95': 0.502783921471327}, {'confidence': 0.95, 'mAP50': 0.5020582120582122, 'mAP50_95': 0.5020582120582123}]",2025-07-06T03:11:40.381555,2
yolo12s,yolo12s.pt,yolo_litter_detection_part2/yolo12s/weights/best.pt,18.125967979431152,9285632,1.0531942112578285,0.49216546633195235,0.3467498678149945,0.6810093524843749,0.439143135345667,0.5,0.6014168836906575,0.4903359841882954,0.8131868131868132,0.3602726387536514,0.10925141735870514,0.14358611637330088,0.1321774607024383,-0.07887049659201562,0.08727373600006104,11.458200895619967,0.013877203953814761,72.06062570876217,"[{'confidence': 0.001, 'mAP50': 0.4923913381095708, 'mAP50_95': 0.35429744374312666}, {'confidence': 0.1, 'mAP50': 0.5393181031946552, 'mAP50_95': 0.4124823009714434}, {'confidence': 0.2, 'mAP50': 0.5657650269916319, 'mAP50_95': 0.4438149995394972}, {'confidence': 0.3, 'mAP50': 0.5727117113889841, 'mAP50_95': 0.4582766758906735}, {'confidence': 0.4, 'mAP50': 0.584494460753628, 'mAP50_95': 0.4779838855377324}, {'confidence': 0.5, 'mAP50': 0.5954980910332157, 'mAP50_95': 0.4942897598920224}, {'confidence': 0.6, 'mAP50': 0.5943584190914307, 'mAP50_95': 0.5057913070104717}, {'confidence': 0.7, 'mAP50': 0.5923160534907523, 'mAP50_95': 0.5151360074511342}, {'confidence': 0.8, 'mAP50': 0.57876789767653, 'mAP50_95': 0.5194395248115666}, {'confidence': 0.9, 'mAP50': 0.5217272727272727, 'mAP50_95': 0.48892436152593727}, {'confidence': 0.95, 'mAP50': 0.0, 'mAP50_95': 0.0}]",2025-07-06T04:19:28.608852,2
